<?xml version='1.0' encoding='utf-8'?>
<addon author="tvaddons" id="plugin.video.scrapecore.bowser" name="ScrapeCore Bowser" version="0.1.0">
    <requires>
        <import addon="xbmc.python" version="2.1.0" />
        <import addon="script.module.commoncore" />
        <import addon="script.module.scrapecore" />
    </requires>
    <extension library="addon.py" point="xbmc.python.pluginsource">
        <provides>video</provides>
    </extension>
    <extension point="xbmc.addon.metadata">
        <summary lang="en">ScraperCore Bowser</summary>
        <description lang="en">Bowser is a scraper browser. List and play shows by scraper.</description>
        <disclaimer lang="en">Kodi is a registered trademark of the XBMC Foundation. We are not connected to or in any other way affiliated with Kodi, Team Kodi, or the XBMC Foundation. Furthermore, any software, addons, or products offered by us will receive no support in official Kodi channels, including the Kodi forums and various social networks.</disclaimer>
        <language>en</language>
        <platform>all</platform>
        <forum>https://www.tvaddons.co/forums</forum>
        <website>https://www.tvaddons.co</website>
    </extension>
</addon>