<?xml version='1.0' encoding='utf-8'?>
<addon id="service.core.playback" name="CommonCore Service" provider-name="tvaddons" version="0.2.1">
    <requires>
        <import addon="xbmc.python" version="2.1.0" />
        <import addon="script.module.commoncore" />
    </requires>
    <extension library="service.py" point="xbmc.service" start="startup" />
	<extension library="lib" point="xbmc.python.module" />
    <extension point="xbmc.addon.metadata">
        <platform>all</platform>
        <summary lang="en">Do some playback stuff</summary>
        <description lang="en" />
        <disclaimer lang="en" />
        <language />
        <platform>all</platform>
        <license>GNU GENERAL PUBLIC LICENSE. Version 3, 29 June 2007</license>
        <forum>http://tvaddons.co/forums</forum>
        <website>http://www.tvaddons.co/</website>
    </extension>
</addon>