<?xml version='1.0' encoding='utf-8'?>
<addon id="script.module.scrapecore" name="ScrapeCore" provider-name="tvaddons" version="1.1.0">
    <requires>
        <import addon="xbmc.python" version="2.1.0" />
        <import addon="script.module.commoncore" />
        <import addon="script.module.youtube.dl" />
        <import addon="resource.scrapecore.main" />
        <import addon="master.control" optional="true" />
    </requires>
    <extension library="addon.py" point="xbmc.python.pluginsource">
        <provides>executable</provides>
    </extension>
    <extension library="lib" point="xbmc.python.module" />
    <extension point="xbmc.addon.metadata">
        <platform>all</platform>
        <summary lang="en">Scraper Services</summary>
        <description lang="en">An extensible site scraping module.</description>
        <disclaimer lang="en" />
        <language />
        <platform>all</platform>
        <license>GNU GENERAL PUBLIC LICENSE. Version 3, 29 June 2007</license>
        <forum>http://tvaddons.co/forums</forum>
        <website>http://www.tvaddons.co/</website>
    </extension>
</addon>